latitude,longitude,brightness,scan,track,acq_date,acq_time,satellite,confidence,version,bright_t31,frp,daynight
21.746,-79.347,306.8,1.2,1.1,2017-06-01,0320,T,69,6.0NRT,292.6,8.6,N
21.759,-79.641,306.6,1.3,1.1,2017-06-01,0320,T,67,6.0NRT,293.4,8,N
36.357,-76.809,304,1.2,1.1,2017-06-01,0325,T,58,6.0NRT,291.5,7.1,N
41.634,-87.14,312.1,1.5,1.2,2017-06-01,0325,T,84,6.0NRT,288.7,23.5,N
19.163,-104.13,303.2,1.4,1.2,2017-06-01,0500,T,54,6.0NRT,291.3,7.3,N
19.961,-104.88,313.5,1.5,1.2,2017-06-01,0500,T,87,6.0NRT,293.3,19.9,N
20.007,-104.802,306.7,1.5,1.2,2017-06-01,0500,T,69,6.0NRT,293.7,10,N
20.269,-104.89,309,1.5,1.2,2017-06-01,0500,T,76,6.0NRT,288.9,17.2,N
20.513,-103.466,312.9,1.2,1.1,2017-06-01,0500,T,86,6.0NRT,291.6,15.6,N
20.511,-103.477,303.8,1.2,1.1,2017-06-01,0500,T,57,6.0NRT,291.2,7.6,N
20.875,-103.385,307.5,1.2,1.1,2017-06-01,0500,T,72,6.0NRT,293.6,9.2,N
20.775,-104.007,305.9,1.3,1.1,2017-06-01,0500,T,66,6.0NRT,291.4,10.4,N
21.008,-103.438,305.6,1.2,1.1,2017-06-01,0500,T,63,6.0NRT,294.2,6.8,N
21.013,-103.434,314.4,1.2,1.1,2017-06-01,0500,T,89,6.0NRT,295.3,14.4,N
20.976,-103.971,301.8,1.3,1.1,2017-06-01,0500,T,41,6.0NRT,291.5,6,N
21.19,-103.911,309.1,1.2,1.1,2017-06-01,0500,T,61,6.0NRT,288.7,12.3,N
21.187,-103.935,307.5,1.2,1.1,2017-06-01,0500,T,42,6.0NRT,289.4,10.7,N
21.27,-103.538,305.8,1.2,1.1,2017-06-01,0500,T,66,6.0NRT,289.5,9.4,N
21.272,-103.544,300.4,1.2,1.1,2017-06-01,0500,T,23,6.0NRT,289.2,5.6,N
21.263,-103.907,334.6,1.2,1.1,2017-06-01,0500,T,100,6.0NRT,291.1,49,N
21.261,-103.921,302.9,1.2,1.1,2017-06-01,0500,T,38,6.0NRT,291.5,7,N
21.287,-104.2,313.7,1.3,1.1,2017-06-01,0500,T,88,6.0NRT,290.5,18.1,N
21.286,-104.211,310.3,1.3,1.1,2017-06-01,0500,T,80,6.0NRT,288,14.8,N
21.303,-104.423,306.1,1.3,1.1,2017-06-01,0500,T,52,6.0NRT,292.4,8.7,N
21.307,-104.461,306.5,1.3,1.1,2017-06-01,0500,T,43,6.0NRT,289.5,11.1,N
21.289,-104.808,301.9,1.4,1.2,2017-06-01,0500,T,45,6.0NRT,288.7,9.2,N
21.793,-103.672,301.3,1.2,1.1,2017-06-01,0500,T,40,6.0NRT,290.7,5.9,N
21.649,-104.743,305.9,1.4,1.2,2017-06-01,0500,T,66,6.0NRT,291.2,11.6,N
21.812,-103.878,307.7,1.2,1.1,2017-06-01,0500,T,72,6.0NRT,288.4,12.1,N
21.751,-104.255,312.7,1.3,1.1,2017-06-01,0500,T,85,6.0NRT,287.3,18.2,N
21.749,-104.269,316.8,1.3,1.1,2017-06-01,0500,T,94,6.0NRT,289.6,22.5,N
21.768,-104.21,307.2,1.3,1.1,2017-06-01,0500,T,71,6.0NRT,287.5,12.7,N
21.767,-104.221,305.7,1.3,1.1,2017-06-01,0500,T,65,6.0NRT,287.3,11.3,N
21.778,-104.212,319.5,1.3,1.1,2017-06-01,0500,T,99,6.0NRT,289,25.6,N
21.911,-103.964,334.8,1.2,1.1,2017-06-01,0500,T,100,6.0NRT,290.4,47.4,N
21.909,-103.977,308.8,1.2,1.1,2017-06-01,0500,T,43,6.0NRT,290.2,10.4,N
21.986,-103.947,316.4,1.2,1.1,2017-06-01,0500,T,93,6.0NRT,287.6,20.7,N
21.984,-103.959,325.5,1.2,1.1,2017-06-01,0500,T,100,6.0NRT,288.3,32.5,N
21.982,-103.972,304.2,1.2,1.1,2017-06-01,0500,T,59,6.0NRT,288.9,8.7,N
21.98,-103.985,304.6,1.2,1.1,2017-06-01,0500,T,61,6.0NRT,289.6,8.6,N
21.897,-104.487,301.6,1.3,1.1,2017-06-01,0500,T,24,6.0NRT,290.3,5.5,N
22.88,-99.357,328,1.1,1,2017-06-01,0500,T,100,6.0NRT,278.1,31.1,N
22.282,-104.209,305.9,1.2,1.1,2017-06-01,0500,T,66,6.0NRT,288.1,10.7,N
22.281,-104.221,300.5,1.2,1.1,2017-06-01,0500,T,28,6.0NRT,287.4,7,N
22.423,-104.603,304,1.3,1.1,2017-06-01,0500,T,35,6.0NRT,293.4,6.9,N
22.421,-104.615,303.7,1.3,1.1,2017-06-01,0500,T,49,6.0NRT,293.2,7.4,N
22.419,-104.626,303.9,1.3,1.1,2017-06-01,0500,T,29,6.0NRT,292.4,7.7,N
22.711,-104.6,309.1,1.3,1.1,2017-06-01,0500,T,69,6.0NRT,293,11.9,N
22.824,-104.474,301.9,1.3,1.1,2017-06-01,0500,T,38,6.0NRT,289,7.3,N
22.901,-105.061,303.1,1.4,1.2,2017-06-01,0500,T,53,6.0NRT,291.4,8.7,N
23.03,-105.094,302.7,1.4,1.2,2017-06-01,0500,T,51,6.0NRT,291.8,7.7,N
24.518,-106.54,305.8,1.6,1.2,2017-06-01,0500,T,66,6.0NRT,292.7,12.2,N
25.27,-106.414,316.1,1.5,1.2,2017-06-01,0500,T,93,6.0NRT,285.4,29.4,N
25.507,-106.516,300.8,1.5,1.2,2017-06-01,0500,T,22,6.0NRT,287,10.3,N
26.007,-106.707,301.4,1.5,1.2,2017-06-01,0500,T,29,6.0NRT,283.4,12,N
25.992,-107.106,300.9,1.6,1.3,2017-06-01,0500,T,34,6.0NRT,288.2,10.8,N
26.375,-106.764,301.3,1.5,1.2,2017-06-01,0500,T,40,6.0NRT,288.4,10.6,N
26.706,-107.703,306.2,1.7,1.3,2017-06-01,0500,T,55,6.0NRT,293.7,12.6,N
26.704,-107.716,308.1,1.7,1.3,2017-06-01,0500,T,74,6.0NRT,291.4,16.7,N
26.842,-107.406,300.7,1.6,1.3,2017-06-01,0500,T,32,6.0NRT,285,13.4,N
27.62,-108.213,300.3,1.8,1.3,2017-06-01,0500,T,23,6.0NRT,287.4,12.3,N
28.067,-107.811,302,1.6,1.3,2017-06-01,0500,T,46,6.0NRT,285.1,15.2,N
29.368,-108.432,307,1.7,1.3,2017-06-01,0500,T,64,6.0NRT,290.7,15.4,N
29.365,-108.449,306.3,1.7,1.3,2017-06-01,0500,T,56,6.0NRT,290.2,14.4,N
29.379,-108.436,303.1,1.7,1.3,2017-06-01,0500,T,2,6.0NRT,291,9.1,N
29.811,-107.985,300.5,1.6,1.2,2017-06-01,0500,T,28,6.0NRT,287.8,9.4,N
30.491,-109.628,305.3,1.9,1.4,2017-06-01,0500,T,64,6.0NRT,289.5,17.8,N
30.495,-109.635,309,1.9,1.4,2017-06-01,0500,T,76,6.0NRT,290.2,25.4,N
42.683,-111.586,323.1,1.4,1.2,2017-06-01,0505,T,100,6.0NRT,285.3,36.9,N
42.68,-111.602,317.1,1.4,1.2,2017-06-01,0505,T,94,6.0NRT,283.6,27.7,N
42.301,-83.153,310.5,1,1,2017-06-01,0735,A,80,6.0NRT,285.8,12.2,N
41.464,-81.669,304.1,1.1,1,2017-06-01,0735,A,58,6.0NRT,285.6,8.4,N
40.834,-79.935,301.6,1.3,1.1,2017-06-01,0735,A,43,6.0NRT,283.2,10.6,N
41.371,-84.913,301.8,1,1,2017-06-01,0735,A,44,6.0NRT,284.6,7.9,N
41.48,-90.822,300.1,1.8,1.3,2017-06-01,0735,A,16,6.0NRT,282.2,17.1,N
19.34,-155.056,310.4,1.7,1.3,2017-06-01,0815,T,71,6.0NRT,292.7,20.5,N
19.352,-155.047,322.2,1.7,1.3,2017-06-01,0815,T,100,6.0NRT,293.2,42.6,N
19.349,-155.063,320.8,1.7,1.3,2017-06-01,0815,T,100,6.0NRT,291.2,39.9,N
19.373,-155.065,325.3,1.7,1.3,2017-06-01,0815,T,100,6.0NRT,289.8,53,N
19.402,-155.29,318.7,1.8,1.3,2017-06-01,0815,T,97,6.0NRT,284.1,44.7,N
29.371,-108.432,302,1.3,1.1,2017-06-01,0920,A,42,6.0NRT,286.9,7.7,N
28.628,-110.177,302.5,1.1,1,2017-06-01,0920,A,50,6.0NRT,289.2,7,N
28.626,-110.166,306.2,1.1,1,2017-06-01,0920,A,67,6.0NRT,288.8,9.5,N
19.383,-155.051,308.8,3.1,1.7,2017-06-01,1240,A,58,6.0NRT,287.7,54.4,N
19.415,-155.29,324.9,3,1.7,2017-06-01,1240,A,100,6.0NRT,284.8,127.6,N
19.41,-155.262,334.8,3,1.7,2017-06-01,1240,A,100,6.0NRT,284.9,191.5,N
19.383,-155.055,310,3.1,1.7,2017-06-01,1240,A,50,6.0NRT,287.7,57.5,N
19.414,-155.295,314.2,3,1.7,2017-06-01,1240,A,85,6.0NRT,284.4,76.7,N
19.408,-155.266,340.6,3,1.7,2017-06-01,1240,A,100,6.0NRT,285.6,237.3,N
20.227,-74.326,319,1.1,1,2017-06-01,1530,T,68,6.0NRT,302.2,10.5,D
20.451,-76.188,322.6,1.4,1.2,2017-06-01,1530,T,46,6.0NRT,303.9,13,D
24.775,-106.198,330,3.8,1.8,2017-06-01,1710,T,75,6.0NRT,302.4,139.2,D
23.095,-104.702,326.8,2.8,1.6,2017-06-01,1710,T,55,6.0NRT,310.4,45.7,D
21.929,-98.137,317.5,1,1,2017-06-01,1710,T,62,6.0NRT,294.7,9,D
21.757,-104.212,333.7,2.5,1.5,2017-06-01,1710,T,79,6.0NRT,308.5,74.1,D
21.762,-104.217,332.3,2.5,1.5,2017-06-01,1710,T,73,6.0NRT,307.7,67.5,D
21.376,-104.668,335.7,2.6,1.6,2017-06-01,1710,T,81,6.0NRT,313,70.9,D
21.289,-104.203,326.4,2.4,1.5,2017-06-01,1710,T,41,6.0NRT,309.8,44.6,D
21.371,-104.676,333.2,2.6,1.6,2017-06-01,1710,T,74,6.0NRT,313.1,56.1,D
20.877,-100.891,329.7,1.4,1.2,2017-06-01,1710,T,73,6.0NRT,310.3,19,D
21.197,-103.924,322.2,2.3,1.5,2017-06-01,1710,T,26,6.0NRT,306.6,25.3,D
21.117,-103.168,329,2,1.4,2017-06-01,1710,T,71,6.0NRT,307.5,31.3,D
21.069,-102.832,336.8,1.9,1.3,2017-06-01,1710,T,82,6.0NRT,306.6,54,D
21.067,-102.814,334.4,1.9,1.3,2017-06-01,1710,T,79,6.0NRT,306.1,45.6,D
21.115,-103.174,328,2,1.4,2017-06-01,1710,T,67,6.0NRT,307.3,28,D
21.074,-102.819,338.9,1.9,1.3,2017-06-01,1710,T,84,6.0NRT,307.8,63.5,D
21.187,-103.931,324.5,2.3,1.5,2017-06-01,1710,T,48,6.0NRT,305.3,32.3,D
21.046,-103.006,330,2,1.4,2017-06-01,1710,T,72,6.0NRT,308.7,28.9,D
21.11,-104.227,324.7,2.4,1.5,2017-06-01,1710,T,43,6.0NRT,309.5,27.1,D
21.115,-104.232,326.6,2.4,1.5,2017-06-01,1710,T,64,6.0NRT,309.6,38.5,D
20.771,-104.191,327.6,2.4,1.5,2017-06-01,1710,T,70,6.0NRT,312.7,28.6,D
20.444,-104.029,327.3,2.3,1.5,2017-06-01,1710,T,53,6.0NRT,312.1,31.6,D
20.205,-104.345,332.2,2.4,1.5,2017-06-01,1710,T,80,6.0NRT,313.1,53.1,D
20.224,-105.364,323.5,2.9,1.6,2017-06-01,1710,T,64,6.0NRT,304.1,48.4,D
20.222,-105.37,321.2,2.9,1.6,2017-06-01,1710,T,60,6.0NRT,304.3,38.7,D
20.148,-104.925,332.2,2.6,1.6,2017-06-01,1710,T,80,6.0NRT,302.3,88.2,D
20.146,-104.902,340.8,2.6,1.6,2017-06-01,1710,T,88,6.0NRT,306.9,140.2,D
19.589,-100.847,322.4,1.3,1.1,2017-06-01,1710,T,54,6.0NRT,298.8,13.2,D
20.002,-104.729,320.8,2.5,1.5,2017-06-01,1710,T,63,6.0NRT,303.3,34.5,D
19.963,-104.886,324.1,2.6,1.6,2017-06-01,1710,T,71,6.0NRT,304.5,36.2,D
19.96,-104.861,328.9,2.6,1.5,2017-06-01,1710,T,78,6.0NRT,304.6,59,D
19.323,-102.122,320.5,1.6,1.2,2017-06-01,1710,T,58,6.0NRT,301.1,15.9,D
19.317,-102.167,322.9,1.6,1.2,2017-06-01,1710,T,67,6.0NRT,296.5,23.2,D
19.427,-103.193,321.4,1.9,1.4,2017-06-01,1710,T,43,6.0NRT,302.6,19.1,D
19.574,-104.905,329.9,2.6,1.5,2017-06-01,1710,T,78,6.0NRT,302.7,62.1,D
19.096,-100.898,322.3,1.3,1.1,2017-06-01,1710,T,55,6.0NRT,301.2,9,D
19.568,-104.913,333,2.6,1.5,2017-06-01,1710,T,81,6.0NRT,302.6,80.2,D
19.318,-103.948,321.9,2.2,1.4,2017-06-01,1710,T,61,6.0NRT,300.9,32,D
19.389,-104.868,323.5,2.5,1.5,2017-06-01,1710,T,66,6.0NRT,301.2,34.6,D
19.373,-104.718,320.5,2.5,1.5,2017-06-01,1710,T,52,6.0NRT,298,29.3,D
19.383,-104.875,321.4,2.5,1.5,2017-06-01,1710,T,57,6.0NRT,301.9,27.2,D
19.366,-104.726,320.6,2.5,1.5,2017-06-01,1710,T,55,6.0NRT,300.9,32.3,D
19.064,-102.726,331.4,1.7,1.3,2017-06-01,1710,T,78,6.0NRT,303.5,28.7,D
19.26,-104.472,320.9,2.4,1.5,2017-06-01,1710,T,44,6.0NRT,300.5,23.5,D
19.155,-104.127,319.6,2.2,1.4,2017-06-01,1710,T,49,6.0NRT,300.1,29.7,D
18.934,-102.6,328.2,1.7,1.3,2017-06-01,1710,T,51,6.0NRT,304.4,18.6,D
18.615,-102.792,328.2,1.7,1.3,2017-06-01,1710,T,66,6.0NRT,304.2,28.6,D
18.613,-102.775,327.8,1.7,1.3,2017-06-01,1710,T,52,6.0NRT,302.3,28.7,D
18.605,-102.784,334.1,1.7,1.3,2017-06-01,1710,T,82,6.0NRT,303.3,49.8,D
18.359,-101.096,323.7,1.3,1.1,2017-06-01,1710,T,62,6.0NRT,304.1,9.9,D
18.27,-102.009,319.9,1.5,1.2,2017-06-01,1710,T,49,6.0NRT,299.9,11.3,D
18.237,-102.102,320.8,1.5,1.2,2017-06-01,1710,T,55,6.0NRT,299.8,10.9,D
18.233,-102.095,320,1.5,1.2,2017-06-01,1710,T,61,6.0NRT,299.9,11.4,D
18.247,-102.672,320.4,1.7,1.3,2017-06-01,1710,T,43,6.0NRT,298.5,14.1,D
18.202,-102.291,321,1.6,1.2,2017-06-01,1710,T,52,6.0NRT,299.5,13.1,D
18.171,-102.042,320.8,1.5,1.2,2017-06-01,1710,T,58,6.0NRT,299.6,15.5,D
18.075,-101.576,332.3,1.4,1.2,2017-06-01,1710,T,82,6.0NRT,304.4,24.8,D
18.074,-101.563,343.4,1.4,1.2,2017-06-01,1710,T,91,6.0NRT,305.5,52.3,D
18.137,-102.232,330,1.6,1.2,2017-06-01,1710,T,79,6.0NRT,297,32.3,D
18.106,-102.075,323.1,1.5,1.2,2017-06-01,1710,T,70,6.0NRT,298.7,16.9,D
18.037,-101.528,326.9,1.4,1.2,2017-06-01,1710,T,56,6.0NRT,304.9,12.5,D
18.178,-102.953,318.8,1.8,1.3,2017-06-01,1710,T,46,6.0NRT,297.7,16.1,D
18.176,-102.937,319.3,1.8,1.3,2017-06-01,1710,T,49,6.0NRT,296.9,18.1,D
18.035,-101.976,320.5,1.5,1.2,2017-06-01,1710,T,66,6.0NRT,299.3,11,D
18.049,-102.265,321,1.6,1.2,2017-06-01,1710,T,39,6.0NRT,299,11.2,D
18.048,-102.251,327.8,1.6,1.2,2017-06-01,1710,T,77,6.0NRT,298.7,26.1,D
17.945,-101.438,321.4,1.4,1.2,2017-06-01,1710,T,54,6.0NRT,299.8,12.3,D
17.844,-101.448,323.9,1.4,1.2,2017-06-01,1710,T,64,6.0NRT,301.3,16.7,D
17.842,-101.436,328.2,1.4,1.2,2017-06-01,1710,T,80,6.0NRT,301.5,22.8,D
40.609,-85.082,315.8,1.7,1.3,2017-06-01,1705,T,60,6.0NRT,299.5,10.6,D
40.608,-85.068,320.4,1.7,1.3,2017-06-01,1705,T,70,6.0NRT,299.7,19.4,D
41.197,-90.433,323.3,1,1,2017-06-01,1705,T,45,6.0NRT,309.4,5.4,D
37.763,-89.376,319.4,1.2,1.1,2017-06-01,1705,T,65,6.0NRT,296.6,14.5,D
37.546,-103.177,319,3.2,1.7,2017-06-01,1705,T,61,6.0NRT,297.6,54.8,D
37.543,-103.14,320.6,3.2,1.7,2017-06-01,1705,T,74,6.0NRT,298.8,59.1,D
37.546,-103.146,322.2,3.2,1.7,2017-06-01,1705,T,76,6.0NRT,298.9,68.1,D
35.51,-91.803,315.9,1,1,2017-06-01,1705,T,76,6.0NRT,275.1,14.7,D
35.509,-91.792,327.7,1,1,2017-06-01,1705,T,85,6.0NRT,276.1,27.7,D
35.782,-97.642,331.6,1.4,1.2,2017-06-01,1705,T,83,6.0NRT,305.2,31.2,D
33.392,-97.87,320.5,1.3,1.1,2017-06-01,1705,T,46,6.0NRT,300.4,12,D
30.04,-98.834,326.6,1.4,1.2,2017-06-01,1705,T,80,6.0NRT,296,28.4,D
27.612,-98.585,327.4,1.2,1.1,2017-06-01,1705,T,78,6.0NRT,300.3,23,D
48.521,-97.724,313.5,2,1.4,2017-06-01,1700,T,29,6.0NRT,292.5,14.8,D
46.433,-91.614,335.1,1,1,2017-06-01,1700,T,88,6.0NRT,300.4,33.2,D
46.431,-91.6,314.9,1,1,2017-06-01,1700,T,67,6.0NRT,295.2,8.7,D
46.424,-91.616,333.2,1,1,2017-06-01,1700,T,87,6.0NRT,300.9,29.8,D
46.422,-91.603,317.7,1,1,2017-06-01,1700,T,75,6.0NRT,297.2,11,D
46.288,-96.178,325,1.6,1.2,2017-06-01,1700,T,75,6.0NRT,309,21.5,D
46.334,-98.914,326.9,2.2,1.4,2017-06-01,1700,T,67,6.0NRT,300.1,51.5,D
46.339,-98.95,352.8,2.2,1.4,2017-06-01,1700,T,0,6.0NRT,301.8,193.1,D
46.337,-98.921,340.6,2.2,1.4,2017-06-01,1700,T,68,6.0NRT,300.9,114.8,D
44.955,-89.728,311,1,1,2017-06-01,1700,T,58,6.0NRT,299.7,6.1,D
44.896,-89.524,312.5,1,1,2017-06-01,1700,T,63,6.0NRT,298,7.6,D
44.481,-87.93,311.9,1.1,1,2017-06-01,1700,T,46,6.0NRT,297,5.5,D
44.449,-88.921,311.8,1,1,2017-06-01,1700,T,54,6.0NRT,299.6,5.5,D
44.279,-88.51,313.6,1.1,1,2017-06-01,1700,T,51,6.0NRT,299.9,4.4,D
44.164,-87.94,312.1,1.1,1,2017-06-01,1700,T,48,6.0NRT,299.6,5.4,D
44.152,-88.476,315.3,1.1,1,2017-06-01,1700,T,49,6.0NRT,299.1,5.6,D
44.25,-91.502,313.4,1,1,2017-06-01,1700,T,28,6.0NRT,301.8,5.8,D
42.334,-85.286,311.7,1.5,1.2,2017-06-01,1700,T,37,6.0NRT,301,11.7,D
43.097,-89.533,316,1,1,2017-06-01,1700,T,27,6.0NRT,301.4,7,D
43.059,-89.297,313.7,1,1,2017-06-01,1700,T,39,6.0NRT,301.6,5.6,D
42.372,-89.026,314.1,1.1,1,2017-06-01,1700,T,31,6.0NRT,302.2,6,D
41.721,-85.924,313.7,1.4,1.2,2017-06-01,1700,T,47,6.0NRT,299.1,9.6,D
41.632,-87.139,324.3,1.3,1.1,2017-06-01,1700,T,46,6.0NRT,307.8,20.6,D
20.642,-74.964,332.6,1.4,1.2,2017-06-01,1835,A,82,6.0NRT,307.1,32.9,D
20.636,-74.97,327.5,1.4,1.2,2017-06-01,1835,A,67,6.0NRT,306,20.9,D
20.647,-74.971,322.5,1.4,1.2,2017-06-01,1835,A,37,6.0NRT,305.8,12.4,D
37.653,-121.522,325.4,1.3,1.1,2017-06-01,1845,T,73,6.0NRT,308.2,13.2,D
37.652,-121.507,330,1.3,1.1,2017-06-01,1845,T,80,6.0NRT,309.4,20.4,D
36.275,-119.328,347.4,1,1,2017-06-01,1845,T,92,6.0NRT,309.5,45.6,D
36.273,-119.316,336.1,1,1,2017-06-01,1845,T,83,6.0NRT,306.7,24.8,D
34.094,-117.389,325.1,1,1,2017-06-01,1845,T,71,6.0NRT,306.6,6.5,D
34.046,-117.377,326.1,1,1,2017-06-01,1845,T,56,6.0NRT,308.4,7.3,D
30.725,-112.81,330.1,1.9,1.3,2017-06-01,1845,T,77,6.0NRT,308,24.3,D
26.568,-108.466,327.7,4.7,2,2017-06-01,1845,T,58,6.0NRT,310.4,94.6,D
26.568,-108.471,326.3,4.7,2,2017-06-01,1845,T,50,6.0NRT,309.9,89.8,D
39.609,-122.003,314.3,1.5,1.2,2017-06-01,1840,T,54,6.0NRT,297.1,10.9,D
39.351,-122.047,309.8,1.5,1.2,2017-06-01,1840,T,37,6.0NRT,296.6,7.1,D
39.002,-121.622,322.8,1.4,1.2,2017-06-01,1840,T,76,6.0NRT,303.1,17.2,D
19.414,-155.279,326.1,3,1.7,2017-06-01,2025,T,67,6.0NRT,305.6,95.2,D
19.399,-155.281,358,3,1.7,2017-06-01,2025,T,99,6.0NRT,306.1,375.8,D
19.378,-155.063,344.3,2.9,1.6,2017-06-01,2025,T,92,6.0NRT,302,209.5,D
19.414,-155.286,319.1,3,1.7,2017-06-01,2025,T,50,6.0NRT,305.3,58.7,D
19.399,-155.288,352.1,3,1.7,2017-06-01,2025,T,96,6.0NRT,306.5,300.9,D
19.396,-155.259,329.3,3,1.7,2017-06-01,2025,T,67,6.0NRT,299.6,107.3,D
19.376,-155.07,341.2,2.9,1.6,2017-06-01,2025,T,90,6.0NRT,302.3,188.9,D
19.374,-155.045,321,2.9,1.6,2017-06-01,2025,T,38,6.0NRT,293.6,58.3,D
22.099,-80.677,330.1,1,1,2017-06-01,1840,A,73,6.0NRT,304,17.2,D
22.098,-80.687,334.5,1,1,2017-06-01,1840,A,83,6.0NRT,304,24.3,D
22.568,-79.553,319.6,1,1,2017-06-01,1840,A,35,6.0NRT,299,6.7,D
22.566,-79.563,319.9,1,1,2017-06-01,1840,A,18,6.0NRT,300.5,6.5,D
22.405,-80.913,330.5,1,1,2017-06-01,1840,A,64,6.0NRT,305.7,15.5,D
22.675,-80.775,330.3,1,1,2017-06-01,1840,A,79,6.0NRT,304.7,18.1,D
22.687,-80.757,327.2,1,1,2017-06-01,1840,A,41,6.0NRT,306.8,13.2,D
22.686,-80.767,335.3,1,1,2017-06-01,1840,A,84,6.0NRT,306.1,24.4,D
22.294,-83.376,314.6,1.4,1.2,2017-06-01,1840,A,13,6.0NRT,293,10.1,D
27.387,-80.624,348.9,1,1,2017-06-01,1840,A,82,6.0NRT,296.6,48.9,D
27.386,-80.634,397.3,1,1,2017-06-01,1840,A,94,6.0NRT,303,226.3,D
27.384,-80.644,323.1,1,1,2017-06-01,1840,A,60,6.0NRT,294.8,9.5,D
27.684,-81.31,326.2,1,1,2017-06-01,1840,A,79,6.0NRT,279.9,19.7,D
41.458,-81.679,323.2,1.1,1.1,2017-06-01,1845,A,77,6.0NRT,308,11.4,D
41.218,-83.806,333.1,1,1,2017-06-01,1845,A,83,6.0NRT,305.8,22.4,D
40.822,-88.426,326,1.2,1.1,2017-06-01,1845,A,69,6.0NRT,310.7,13,D
41.563,-84.05,322.7,1,1,2017-06-01,1845,A,70,6.0NRT,307.4,7.3,D
42.296,-83.155,325.4,1.1,1,2017-06-01,1845,A,76,6.0NRT,308.5,11.5,D
43.448,-85.721,317.6,1,1,2017-06-01,1845,A,69,6.0NRT,301.5,10.1,D
43.507,-86.138,311.8,1,1,2017-06-01,1845,A,43,6.0NRT,299.1,6.4,D
43.517,-86.134,314.8,1,1,2017-06-01,1845,A,56,6.0NRT,298.6,8,D
43.515,-86.146,325.4,1,1,2017-06-01,1845,A,80,6.0NRT,300.8,19,D
44.079,-87.706,313,1.1,1,2017-06-01,1845,A,31,6.0NRT,299.7,5.1,D
43.852,-89.639,321.5,1.2,1.1,2017-06-01,1845,A,74,6.0NRT,300.9,17.9,D
44.211,-88.711,316.3,1.1,1.1,2017-06-01,1845,A,42,6.0NRT,299.8,8.5,D
44.214,-88.717,315.9,1.1,1.1,2017-06-01,1845,A,58,6.0NRT,299.5,9.5,D
44.479,-87.934,314.2,1.1,1,2017-06-01,1845,A,45,6.0NRT,299.8,5.7,D
44.462,-88.095,318.1,1.1,1,2017-06-01,1845,A,57,6.0NRT,302,7.5,D
44.526,-88.093,316.9,1.1,1,2017-06-01,1845,A,32,6.0NRT,303,7.5,D
44.89,-89.523,312.9,1.2,1.1,2017-06-01,1845,A,57,6.0NRT,300.6,9.4,D
44.677,-97.079,324.5,2.8,1.6,2017-06-01,1845,A,65,6.0NRT,305.2,52.7,D
44.699,-97.052,323.9,2.8,1.6,2017-06-01,1845,A,55,6.0NRT,308,47.9,D
44.691,-97.086,328.8,2.8,1.6,2017-06-01,1845,A,78,6.0NRT,307,74.8,D
47.35,-93.179,306.1,1.5,1.2,2017-06-01,1845,A,36,6.0NRT,293.4,7.2,D
46.892,-97.561,320.2,2.6,1.5,2017-06-01,1845,A,70,6.0NRT,305.5,24.3,D
46.897,-97.568,321.7,2.6,1.5,2017-06-01,1845,A,72,6.0NRT,306.3,30.1,D
48.923,-96.412,314.8,1.9,1.4,2017-06-01,1845,A,61,6.0NRT,299.7,21.2,D
48.934,-96.418,325.4,1.9,1.4,2017-06-01,1845,A,78,6.0NRT,300,47.8,D
17.526,-100.884,324.1,1.1,1.1,2017-06-01,2015,A,52,6.0NRT,298,14.8,D
17.527,-101.022,324,1.1,1.1,2017-06-01,2015,A,67,6.0NRT,299,13.7,D
17.752,-101.398,321.7,1.1,1,2017-06-01,2015,A,66,6.0NRT,299.3,10.9,D
17.816,-101.403,326,1.1,1,2017-06-01,2015,A,67,6.0NRT,299.2,14.3,D
17.825,-101.405,322.9,1.1,1,2017-06-01,2015,A,58,6.0NRT,299.4,9.8,D
18.002,-101.527,346.6,1.1,1,2017-06-01,2015,A,92,6.0NRT,302.8,46.3,D
17.963,-101.813,325.9,1.1,1,2017-06-01,2015,A,67,6.0NRT,298.6,14.1,D
18.011,-101.528,325.6,1.1,1,2017-06-01,2015,A,27,6.0NRT,304.2,9,D
17.981,-101.886,323,1,1,2017-06-01,2015,A,54,6.0NRT,301.6,8,D
17.98,-101.896,322.6,1,1,2017-06-01,2015,A,56,6.0NRT,301.6,7.3,D
17.974,-101.935,329.9,1,1,2017-06-01,2015,A,65,6.0NRT,301.7,16.4,D
17.997,-101.908,322.8,1,1,2017-06-01,2015,A,45,6.0NRT,301.6,7,D
18.15,-101.019,327.7,1.1,1.1,2017-06-01,2015,A,65,6.0NRT,307.5,8.6,D
18.024,-101.968,333.7,1,1,2017-06-01,2015,A,79,6.0NRT,303.3,19.4,D
18.023,-101.978,351.4,1,1,2017-06-01,2015,A,95,6.0NRT,304.7,52.7,D
18.168,-100.955,328.8,1.1,1.1,2017-06-01,2015,A,69,6.0NRT,308.3,10.6,D
18.167,-100.966,329.3,1.1,1.1,2017-06-01,2015,A,75,6.0NRT,306.5,11.8,D
18.032,-101.979,325,1,1,2017-06-01,2015,A,58,6.0NRT,303.8,8.2,D
18.178,-100.957,330.9,1.1,1.1,2017-06-01,2015,A,77,6.0NRT,308.9,13.5,D
18.176,-100.968,329,1.1,1.1,2017-06-01,2015,A,74,6.0NRT,308.6,11.5,D
18.077,-101.986,323.1,1,1,2017-06-01,2015,A,51,6.0NRT,301.8,6.2,D
18.065,-102.277,340.6,1,1,2017-06-01,2015,A,86,6.0NRT,304.7,30.3,D
18.064,-102.287,331.2,1,1,2017-06-01,2015,A,73,6.0NRT,304.8,15,D
18.151,-101.714,327.8,1.1,1,2017-06-01,2015,A,63,6.0NRT,304.6,12.3,D
18.15,-101.724,327,1.1,1,2017-06-01,2015,A,57,6.0NRT,303.3,11.3,D
18.074,-102.279,351.6,1,1,2017-06-01,2015,A,95,6.0NRT,304.9,51.5,D
18.073,-102.288,341,1,1,2017-06-01,2015,A,87,6.0NRT,305.1,29.5,D
18.107,-102.107,328,1,1,2017-06-01,2015,A,69,6.0NRT,304.3,10.8,D
18.087,-102.32,352.2,1,1,2017-06-01,2015,A,95,6.0NRT,308.3,50.3,D
18.086,-102.329,327.8,1,1,2017-06-01,2015,A,65,6.0NRT,306.5,8.3,D
18.058,-102.529,324.9,1,1,2017-06-01,2015,A,64,6.0NRT,302.3,10.1,D
18.097,-102.38,337.3,1,1,2017-06-01,2015,A,83,6.0NRT,305.5,24.1,D
18.17,-102.044,328.6,1,1,2017-06-01,2015,A,68,6.0NRT,303.1,14.8,D
18.162,-102.102,322.9,1,1,2017-06-01,2015,A,32,6.0NRT,303.2,8.4,D
18.161,-102.111,328.9,1,1,2017-06-01,2015,A,69,6.0NRT,304,14.8,D
18.355,-100.706,337.2,1.2,1.1,2017-06-01,2015,A,83,6.0NRT,309.9,20.4,D
18.179,-102.045,324.3,1,1,2017-06-01,2015,A,52,6.0NRT,302.7,9.9,D
18.17,-102.112,326.2,1,1,2017-06-01,2015,A,60,6.0NRT,304,11.3,D
18.158,-102.268,336.7,1,1,2017-06-01,2015,A,82,6.0NRT,306.5,22,D
18.137,-102.421,370.3,1,1,2017-06-01,2015,A,100,6.0NRT,303.7,106.1,D
18.135,-102.431,353.2,1,1,2017-06-01,2015,A,96,6.0NRT,305.2,56.9,D
18.166,-102.474,325.7,1,1,2017-06-01,2015,A,63,6.0NRT,305.4,9.5,D
18.226,-102.111,323.9,1,1,2017-06-01,2015,A,49,6.0NRT,305.1,9,D
18.268,-102.204,328.6,1,1,2017-06-01,2015,A,68,6.0NRT,305.6,14.4,D
18.192,-102.823,326.5,1,1,2017-06-01,2015,A,67,6.0NRT,301.3,12.6,D
18.19,-102.832,323.2,1,1,2017-06-01,2015,A,56,6.0NRT,301.3,9.3,D
18.203,-102.873,325.3,1,1,2017-06-01,2015,A,64,6.0NRT,301.5,12.3,D
18.202,-102.882,323,1,1,2017-06-01,2015,A,55,6.0NRT,300.1,10.4,D
18.192,-102.947,330.7,1,1,2017-06-01,2015,A,76,6.0NRT,300.3,17.9,D
18.241,-102.667,325.5,1,1,2017-06-01,2015,A,58,6.0NRT,302.7,8.9,D
18.25,-102.668,323.2,1,1,2017-06-01,2015,A,43,6.0NRT,303.2,7,D
18.229,-102.819,326.9,1,1,2017-06-01,2015,A,68,6.0NRT,301.7,11.8,D
18.196,-103.053,340.8,1,1,2017-06-01,2015,A,0,6.0NRT,301,33.6,D
18.29,-102.574,325.1,1,1,2017-06-01,2015,A,53,6.0NRT,299.6,12.3,D
18.415,-101.791,342.7,1.1,1,2017-06-01,2015,A,88,6.0NRT,312.7,27.9,D
18.29,-103.301,327,1,1,2017-06-01,2015,A,72,6.0NRT,298.7,15,D
18.288,-103.31,332.2,1,1,2017-06-01,2015,A,79,6.0NRT,300.8,21.6,D
18.387,-102.741,324.4,1,1,2017-06-01,2015,A,43,6.0NRT,301.3,10.6,D
18.367,-103.271,319.7,1,1,2017-06-01,2015,A,35,6.0NRT,300.3,4.9,D
18.366,-103.28,328,1,1,2017-06-01,2015,A,73,6.0NRT,301.1,13.9,D
18.413,-103.144,338.9,1,1,2017-06-01,2015,A,86,6.0NRT,301.3,32.2,D
18.411,-103.153,328.9,1,1,2017-06-01,2015,A,73,6.0NRT,298.4,17.9,D
18.569,-102.287,328.6,1,1,2017-06-01,2015,A,68,6.0NRT,307.3,13.7,D
18.601,-102.786,331.8,1,1,2017-06-01,2015,A,61,6.0NRT,311.6,13,D
18.871,-101.484,326.7,1.1,1,2017-06-01,2015,A,18,6.0NRT,305.2,12.2,D
18.749,-103.433,323.6,1,1,2017-06-01,2015,A,40,6.0NRT,302.6,10.9,D
18.773,-103.331,328.2,1,1,2017-06-01,2015,A,60,6.0NRT,306.3,12.3,D
18.77,-103.35,326.4,1,1,2017-06-01,2015,A,59,6.0NRT,307.8,9.9,D
19.117,-101.014,331.6,1.2,1.1,2017-06-01,2015,A,73,6.0NRT,307.3,16.3,D
18.938,-102.883,333.3,1,1,2017-06-01,2015,A,49,6.0NRT,315.1,12.8,D
18.954,-103.286,348.2,1,1,2017-06-01,2015,A,92,6.0NRT,305.9,42.9,D
18.892,-103.718,326.5,1,1,2017-06-01,2015,A,48,6.0NRT,302.4,13.3,D
19.007,-102.977,325,1,1,2017-06-01,2015,A,35,6.0NRT,305.1,9.3,D
19.031,-103.266,344.2,1,1,2017-06-01,2015,A,89,6.0NRT,304.4,35.4,D
19.03,-103.276,333,1,1,2017-06-01,2015,A,76,6.0NRT,304.7,17.2,D
19.114,-103,331.1,1,1,2017-06-01,2015,A,59,6.0NRT,310.6,10.9,D
19.033,-103.574,332.6,1,1,2017-06-01,2015,A,40,6.0NRT,310.5,14.3,D
19.098,-103.504,331.9,1,1,2017-06-01,2015,A,65,6.0NRT,307.7,13.5,D
19.057,-103.911,325.9,1,1,2017-06-01,2015,A,38,6.0NRT,304.7,8.7,D
19.062,-104.008,326.3,1,1,2017-06-01,2015,A,46,6.0NRT,305.7,11.8,D
19.097,-104.147,325.6,1,1,2017-06-01,2015,A,62,6.0NRT,301.8,14,D
19.148,-103.99,323.8,1,1,2017-06-01,2015,A,45,6.0NRT,303.1,9.3,D
19.146,-104,328.5,1,1,2017-06-01,2015,A,68,6.0NRT,304.2,15.2,D
19.157,-103.991,326.7,1,1,2017-06-01,2015,A,57,6.0NRT,301.4,12.4,D
19.155,-104.001,337.3,1,1,2017-06-01,2015,A,82,6.0NRT,302.9,27.5,D
19.343,-103.334,322.2,1,1,2017-06-01,2015,A,27,6.0NRT,305.2,6.7,D
19.341,-103.344,323.3,1,1,2017-06-01,2015,A,35,6.0NRT,306.1,7.1,D
19.246,-104.33,326.6,1,1,2017-06-01,2015,A,65,6.0NRT,304.7,10.7,D
19.227,-104.454,329.9,1,1,2017-06-01,2015,A,74,6.0NRT,304.9,14.8,D
19.248,-104.379,323.8,1,1,2017-06-01,2015,A,48,6.0NRT,305.4,8.1,D
19.291,-104.21,329,1,1,2017-06-01,2015,A,73,6.0NRT,306,11.7,D
19.289,-104.22,330.1,1,1,2017-06-01,2015,A,74,6.0NRT,306.2,12.8,D
19.3,-104.212,326.8,1,1,2017-06-01,2015,A,62,6.0NRT,304.9,9.7,D
19.298,-104.221,331.8,1,1,2017-06-01,2015,A,77,6.0NRT,305.7,15.6,D
19.282,-104.394,325.6,1,1,2017-06-01,2015,A,66,6.0NRT,302.3,12.4,D
19.281,-104.404,352,1,1,2017-06-01,2015,A,95,6.0NRT,304.2,56.4,D
19.248,-104.625,325,1,1,2017-06-01,2015,A,59,6.0NRT,304.8,8.5,D
19.246,-104.635,338.9,1,1,2017-06-01,2015,A,85,6.0NRT,306.8,28.1,D
19.408,-103.592,355,1,1,2017-06-01,2015,A,97,6.0NRT,310.4,55.3,D
19.406,-103.601,328,1,1,2017-06-01,2015,A,52,6.0NRT,307.7,7.7,D
19.276,-104.561,324,1,1,2017-06-01,2015,A,62,6.0NRT,307.4,8.9,D
19.311,-104.444,319.9,1,1,2017-06-01,2015,A,21,6.0NRT,302.1,6,D
19.496,-103.227,328.3,1,1,2017-06-01,2015,A,65,6.0NRT,308.4,11.6,D
19.495,-103.236,332.5,1,1,2017-06-01,2015,A,79,6.0NRT,309.5,16.5,D
19.325,-104.723,341.2,1,1,2017-06-01,2015,A,88,6.0NRT,307.6,34.1,D
19.48,-104.175,322.6,1,1,2017-06-01,2015,A,44,6.0NRT,303.8,8.5,D
19.514,-104.441,325.8,1,1,2017-06-01,2015,A,31,6.0NRT,305.4,11.9,D
19.54,-104.328,326.7,1,1,2017-06-01,2015,A,52,6.0NRT,302.3,13.5,D
19.509,-104.539,332.7,1,1,2017-06-01,2015,A,78,6.0NRT,310.1,12.6,D
19.518,-104.54,333.4,1,1,2017-06-01,2015,A,79,6.0NRT,310.4,13.4,D
19.564,-104.913,347,1,1,2017-06-01,2015,A,91,6.0NRT,310.2,43.2,D
19.663,-104.433,342.8,1,1,2017-06-01,2015,A,88,6.0NRT,307.8,34,D
19.662,-104.443,370.3,1,1,2017-06-01,2015,A,100,6.0NRT,312.8,103.1,D
19.66,-104.452,331.3,1,1,2017-06-01,2015,A,70,6.0NRT,309.2,13.6,D
19.671,-104.44,328.7,1,1,2017-06-01,2015,A,69,6.0NRT,307.7,14.2,D
19.837,-103.547,336.8,1,1,2017-06-01,2015,A,77,6.0NRT,320.6,14,D
19.933,-103.127,336.1,1,1,2017-06-01,2015,A,79,6.0NRT,297,30.5,D
19.9,-104.265,329.5,1,1,2017-06-01,2015,A,56,6.0NRT,315.5,7,D
19.898,-104.274,338,1,1,2017-06-01,2015,A,82,6.0NRT,318.7,19,D
19.953,-104.022,332.7,1,1,2017-06-01,2015,A,74,6.0NRT,318.9,9.1,D
19.86,-104.78,326.8,1,1,2017-06-01,2015,A,57,6.0NRT,306.1,11.6,D
19.955,-104.764,325.2,1,1,2017-06-01,2015,A,23,6.0NRT,309.1,8.5,D
19.963,-104.775,332.3,1,1,2017-06-01,2015,A,73,6.0NRT,308.6,17.5,D
19.996,-104.736,330.4,1,1,2017-06-01,2015,A,67,6.0NRT,307.3,15.6,D
20.005,-104.738,331.8,1,1,2017-06-01,2015,A,71,6.0NRT,306.3,17.5,D
20.005,-104.798,330.3,1,1,2017-06-01,2015,A,46,6.0NRT,309.7,14.6,D
20.414,-101.953,339.7,1.1,1,2017-06-01,2015,A,82,6.0NRT,310,27.7,D
20.413,-101.963,328.4,1.1,1,2017-06-01,2015,A,28,6.0NRT,309.6,8,D
20.023,-104.801,328.6,1,1,2017-06-01,2015,A,22,6.0NRT,307.2,12.8,D
20.129,-104.394,335.7,1,1,2017-06-01,2015,A,78,6.0NRT,321.3,12.5,D
20.536,-101.582,333,1.1,1.1,2017-06-01,2015,A,69,6.0NRT,313.2,11.2,D
20.203,-104.334,356.5,1,1,2017-06-01,2015,A,97,6.0NRT,325.9,51.2,D
20.202,-104.344,342.7,1,1,2017-06-01,2015,A,82,6.0NRT,321.9,22.6,D
20.377,-104.094,344.4,1,1,2017-06-01,2015,A,77,6.0NRT,318.9,32.3,D
20.375,-104.103,356.9,1,1,2017-06-01,2015,A,98,6.0NRT,320.1,58.6,D
20.374,-104.113,355.1,1,1,2017-06-01,2015,A,96,6.0NRT,317.9,54.6,D
20.384,-104.105,354.8,1,1,2017-06-01,2015,A,96,6.0NRT,321.4,51,D
20.383,-104.114,343.3,1,1,2017-06-01,2015,A,87,6.0NRT,321.1,26.6,D
20.221,-105.39,323.2,1.1,1,2017-06-01,2015,A,37,6.0NRT,305.5,9.3,D
20.472,-103.751,339.4,1,1,2017-06-01,2015,A,76,6.0NRT,319.5,20,D
20.551,-103.386,334.2,1,1,2017-06-01,2015,A,71,6.0NRT,318.8,11,D
20.549,-103.395,338.1,1,1,2017-06-01,2015,A,79,6.0NRT,317.6,16.7,D
20.292,-105.397,331.2,1.1,1,2017-06-01,2015,A,74,6.0NRT,306.4,21.2,D
20.49,-104.89,330.4,1,1,2017-06-01,2015,A,60,6.0NRT,315.8,9.9,D
20.488,-104.9,330,1,1,2017-06-01,2015,A,46,6.0NRT,313.1,10.4,D
20.823,-103.93,331.5,1,1,2017-06-01,2015,A,43,6.0NRT,314.7,9.1,D
20.808,-104.479,338.1,1,1,2017-06-01,2015,A,81,6.0NRT,320.1,18.5,D
20.812,-104.637,333.9,1,1,2017-06-01,2015,A,74,6.0NRT,316.9,14.3,D
20.847,-104.525,332.7,1,1,2017-06-01,2015,A,70,6.0NRT,318.5,10.2,D
21.079,-103.164,344.2,1,1,2017-06-01,2015,A,79,6.0NRT,312.9,28.9,D
20.975,-103.968,338.5,1,1,2017-06-01,2015,A,81,6.0NRT,321.4,17.1,D
21.605,-99.436,321,1.5,1.2,2017-06-01,2015,A,22,6.0NRT,301,15.6,D
21.606,-99.442,321.7,1.5,1.2,2017-06-01,2015,A,24,6.0NRT,301.3,17.2,D
21.002,-104.289,337.3,1,1,2017-06-01,2015,A,79,6.0NRT,319.6,15.1,D
21.011,-104.29,346.5,1,1,2017-06-01,2015,A,90,6.0NRT,321,29.8,D
21.113,-104.226,332.5,1,1,2017-06-01,2015,A,66,6.0NRT,318,10.4,D
21.111,-104.236,337.8,1,1,2017-06-01,2015,A,80,6.0NRT,320.8,18,D
21.167,-103.973,336.7,1,1,2017-06-01,2015,A,78,6.0NRT,314.5,21.2,D
21.182,-103.936,332.3,1,1,2017-06-01,2015,A,62,6.0NRT,310.4,14.4,D
21.19,-103.938,349,1,1,2017-06-01,2015,A,92,6.0NRT,310.6,41.5,D
21.3,-103.292,336.8,1,1,2017-06-01,2015,A,64,6.0NRT,311.4,19.8,D
21.265,-103.541,345.9,1,1,2017-06-01,2015,A,89,6.0NRT,320.2,33.5,D
21.209,-104.005,341.4,1,1,2017-06-01,2015,A,85,6.0NRT,319.1,26.1,D
21.268,-103.907,332.3,1,1,2017-06-01,2015,A,66,6.0NRT,312.7,14.3,D
21.298,-104.785,330.8,1,1,2017-06-01,2015,A,68,6.0NRT,309.4,17.7,D
21.31,-104.827,350.1,1,1,2017-06-01,2015,A,93,6.0NRT,308,51.2,D
21.308,-104.836,334.8,1,1,2017-06-01,2015,A,75,6.0NRT,307.3,24.7,D
21.352,-104.725,341.3,1,1,2017-06-01,2015,A,85,6.0NRT,315.3,24.7,D
21.37,-104.669,346.4,1,1,2017-06-01,2015,A,90,6.0NRT,317.9,33.5,D
21.36,-104.737,340.5,1,1,2017-06-01,2015,A,84,6.0NRT,316.3,22.7,D
21.379,-104.671,369.7,1,1,2017-06-01,2015,A,100,6.0NRT,322.9,92.6,D
21.661,-103.86,341,1,1,2017-06-01,2015,A,75,6.0NRT,324.9,17.9,D
21.575,-104.783,339,1,1,2017-06-01,2015,A,81,6.0NRT,315.9,21.2,D
21.572,-104.991,330.9,1,1,2017-06-01,2015,A,69,6.0NRT,310.8,15.4,D
21.645,-104.745,335.5,1,1,2017-06-01,2015,A,77,6.0NRT,308.1,25.9,D
21.743,-104.257,346.8,1,1,2017-06-01,2015,A,90,6.0NRT,309.3,39.4,D
21.742,-104.267,350.8,1,1,2017-06-01,2015,A,94,6.0NRT,313.1,45.6,D
21.74,-104.276,344.1,1,1,2017-06-01,2015,A,88,6.0NRT,315.1,30.2,D
21.759,-104.211,355.6,1,1,2017-06-01,2015,A,97,6.0NRT,310.8,59,D
21.758,-104.22,354.2,1,1,2017-06-01,2015,A,96,6.0NRT,311.4,56.5,D
21.756,-104.23,326.3,1,1,2017-06-01,2015,A,20,6.0NRT,307.5,9.1,D
21.814,-103.888,332,1,1,2017-06-01,2015,A,52,6.0NRT,307.4,18.2,D
21.768,-104.212,334.5,1,1,2017-06-01,2015,A,70,6.0NRT,310,19.2,D
21.879,-104.023,346.4,1,1,2017-06-01,2015,A,90,6.0NRT,325.1,29.6,D
21.813,-104.481,334.2,1,1,2017-06-01,2015,A,75,6.0NRT,309.8,21,D
21.906,-103.959,341.6,1,1,2017-06-01,2015,A,84,6.0NRT,315.2,27.1,D
21.904,-103.968,335.5,1,1,2017-06-01,2015,A,62,6.0NRT,319.1,15.3,D
21.915,-103.96,339.7,1,1,2017-06-01,2015,A,70,6.0NRT,313.6,23.4,D
21.913,-103.97,340.9,1,1,2017-06-01,2015,A,76,6.0NRT,319.4,23.8,D
21.866,-104.49,328,1,1,2017-06-01,2015,A,43,6.0NRT,310.3,10.1,D
21.877,-104.478,332.9,1,1,2017-06-01,2015,A,66,6.0NRT,308.9,19.2,D
21.876,-104.487,331.8,1,1,2017-06-01,2015,A,66,6.0NRT,313.5,16.5,D
21.812,-104.921,327.7,1,1,2017-06-01,2015,A,50,6.0NRT,307.3,13.5,D
21.904,-104.482,329.7,1,1,2017-06-01,2015,A,53,6.0NRT,310.6,12.7,D
21.903,-104.492,329.7,1,1,2017-06-01,2015,A,56,6.0NRT,310.9,11.6,D
21.877,-105.109,338.8,1,1,2017-06-01,2015,A,83,6.0NRT,312.2,23.2,D
21.875,-105.119,328.2,1,1,2017-06-01,2015,A,58,6.0NRT,310.7,8,D
22.727,-98.899,324.3,1.7,1.3,2017-06-01,2015,A,56,6.0NRT,300,13.8,D
22.096,-103.915,332.8,1,1,2017-06-01,2015,A,72,6.0NRT,306.5,21.9,D
22.156,-104.593,335.5,1,1,2017-06-01,2015,A,77,6.0NRT,314.6,17.9,D
22.095,-105.189,333.1,1,1,2017-06-01,2015,A,66,6.0NRT,313.5,11.9,D
22.196,-104.883,327.4,1,1,2017-06-01,2015,A,52,6.0NRT,308.4,11.3,D
22.194,-104.892,326.3,1,1,2017-06-01,2015,A,40,6.0NRT,309.3,10.4,D
22.167,-105.077,325.3,1,1,2017-06-01,2015,A,21,6.0NRT,307.9,8.8,D
22.235,-104.799,332,1,1,2017-06-01,2015,A,71,6.0NRT,306.1,19.8,D
22.352,-104.308,356.6,1,1,2017-06-01,2015,A,97,6.0NRT,316.3,59.5,D
22.351,-104.318,337.4,1,1,2017-06-01,2015,A,80,6.0NRT,317.8,20.3,D
22.363,-104.307,326.1,1,1,2017-06-01,2015,A,38,6.0NRT,311.9,7.7,D
22.362,-104.316,336.7,1,1,2017-06-01,2015,A,79,6.0NRT,315.1,21.8,D
22.325,-105.011,332.6,1,1,2017-06-01,2015,A,68,6.0NRT,309.1,14.7,D
22.323,-105.021,333.3,1,1,2017-06-01,2015,A,73,6.0NRT,311.8,15.5,D
22.422,-104.597,331.4,1,1,2017-06-01,2015,A,27,6.0NRT,315.7,8.4,D
22.42,-104.607,342.8,1,1,2017-06-01,2015,A,86,6.0NRT,316.5,27.2,D
22.389,-104.948,330.6,1,1,2017-06-01,2015,A,65,6.0NRT,309.1,15,D
22.448,-104.858,329.4,1,1,2017-06-01,2015,A,61,6.0NRT,306.5,16.1,D
22.455,-105.125,334.6,1,1,2017-06-01,2015,A,76,6.0NRT,309.9,21.3,D
22.528,-104.691,327.9,1,1,2017-06-01,2015,A,51,6.0NRT,310.4,11.1,D
22.527,-104.7,359.6,1,1,2017-06-01,2015,A,99,6.0NRT,314,69,D
22.526,-104.71,334,1,1,2017-06-01,2015,A,74,6.0NRT,312.5,16,D
22.517,-104.767,329.9,1,1,2017-06-01,2015,A,58,6.0NRT,314.6,9.8,D
22.593,-104.368,327.6,1,1,2017-06-01,2015,A,57,6.0NRT,311.1,8.2,D
22.507,-105.085,327.1,1,1,2017-06-01,2015,A,48,6.0NRT,308.9,9.2,D
22.591,-104.574,333.8,1,1,2017-06-01,2015,A,75,6.0NRT,317.1,12.5,D
22.59,-104.583,332.8,1,1,2017-06-01,2015,A,71,6.0NRT,316.4,12,D
22.569,-104.852,330.3,1,1,2017-06-01,2015,A,67,6.0NRT,310.3,12,D
22.587,-105.043,363,1,1,2017-06-01,2015,A,100,6.0NRT,307.8,84.1,D
22.585,-105.053,327.8,1,1,2017-06-01,2015,A,59,6.0NRT,306.7,14.5,D
22.708,-104.596,343.1,1,1,2017-06-01,2015,A,87,6.0NRT,314.4,27.6,D
22.707,-104.606,336.4,1,1,2017-06-01,2015,A,71,6.0NRT,320.3,15.3,D
22.838,-103.81,337.2,1,1,2017-06-01,2015,A,79,6.0NRT,310.2,21.9,D
22.836,-103.82,345.3,1,1,2017-06-01,2015,A,89,6.0NRT,313.6,34.7,D
22.806,-104.298,330.7,1,1,2017-06-01,2015,A,70,6.0NRT,312,11.9,D
22.698,-105.226,327.2,1,1,2017-06-01,2015,A,56,6.0NRT,304.8,15,D
22.88,-104.287,328.8,1,1,2017-06-01,2015,A,65,6.0NRT,314.8,9.7,D
22.889,-104.288,383.4,1,1,2017-06-01,2015,A,100,6.0NRT,315.5,149.5,D
22.888,-104.298,385.1,1,1,2017-06-01,2015,A,100,6.0NRT,315.4,156.5,D
22.756,-105.266,332.1,1,1,2017-06-01,2015,A,73,6.0NRT,309,18.4,D
23.638,-98.67,327.4,1.9,1.3,2017-06-01,2015,A,60,6.0NRT,302,28.6,D
22.942,-104.313,324.9,1,1,2017-06-01,2015,A,42,6.0NRT,309.3,8.8,D
22.896,-104.63,329.9,1,1,2017-06-01,2015,A,71,6.0NRT,313.5,11.8,D
22.895,-104.64,327.4,1,1,2017-06-01,2015,A,65,6.0NRT,311.3,8.8,D
22.886,-104.767,324.2,1,1,2017-06-01,2015,A,48,6.0NRT,310.5,7.9,D
22.81,-105.404,324.2,1,1,2017-06-01,2015,A,33,6.0NRT,308.1,6.5,D
22.996,-104.387,325.8,1,1,2017-06-01,2015,A,52,6.0NRT,309.1,11.1,D
22.857,-105.397,332.9,1,1,2017-06-01,2015,A,64,6.0NRT,309.2,15.7,D
22.864,-105.409,326.3,1,1,2017-06-01,2015,A,40,6.0NRT,307.9,8.5,D
22.863,-105.418,327.3,1,1,2017-06-01,2015,A,48,6.0NRT,308.6,9.9,D
23.009,-104.547,338.1,1,1,2017-06-01,2015,A,83,6.0NRT,312.3,25.9,D
23.023,-105.091,327.8,1,1,2017-06-01,2015,A,67,6.0NRT,311.8,9.5,D
23.097,-104.707,341.2,1,1,2017-06-01,2015,A,87,6.0NRT,315,23.8,D
23.096,-104.716,345.4,1,1,2017-06-01,2015,A,90,6.0NRT,318,31.6,D
23.106,-104.708,338.3,1,1,2017-06-01,2015,A,84,6.0NRT,317.1,19.8,D
23.104,-104.718,336.4,1,1,2017-06-01,2015,A,82,6.0NRT,317.2,17,D
23.084,-105.107,341.6,1,1,2017-06-01,2015,A,87,6.0NRT,307.4,33.1,D
23.083,-105.117,327.7,1,1,2017-06-01,2015,A,67,6.0NRT,308.4,11.8,D
23.079,-105.326,323.8,1,1,2017-06-01,2015,A,38,6.0NRT,304.9,9.8,D
23.087,-105.338,324.9,1,1,2017-06-01,2015,A,48,6.0NRT,306.4,11.5,D
23.233,-104.723,344.9,1,1,2017-06-01,2015,A,90,6.0NRT,311.2,38.3,D
23.232,-104.732,345.4,1,1,2017-06-01,2015,A,90,6.0NRT,312.2,39.6,D
23.22,-104.938,340.8,1,1,2017-06-01,2015,A,87,6.0NRT,301.4,36.8,D
23.219,-104.947,324.7,1,1,2017-06-01,2015,A,60,6.0NRT,301.7,14.6,D
23.262,-104.777,344,1,1,2017-06-01,2015,A,89,6.0NRT,308.8,39.6,D
23.261,-104.787,341.3,1,1,2017-06-01,2015,A,87,6.0NRT,310.1,33.4,D
23.208,-105.145,323.1,1,1,2017-06-01,2015,A,24,6.0NRT,308.7,9,D
23.251,-105.228,329.3,1,1,2017-06-01,2015,A,70,6.0NRT,308.8,13.7,D
23.346,-104.956,323.9,1,1,2017-06-01,2015,A,31,6.0NRT,308.7,9.3,D
23.344,-104.965,326.9,1,1,2017-06-01,2015,A,55,6.0NRT,308.7,12.3,D
23.317,-105.15,328.6,1,1,2017-06-01,2015,A,71,6.0NRT,310,12.6,D
23.316,-105.159,328,1,1,2017-06-01,2015,A,70,6.0NRT,311.7,12.7,D
23.358,-104.997,325.4,1,1,2017-06-01,2015,A,63,6.0NRT,309.6,10.7,D
23.304,-105.368,326.6,1,1,2017-06-01,2015,A,44,6.0NRT,310.8,9.8,D
23.369,-104.996,332.5,1,1,2017-06-01,2015,A,77,6.0NRT,308.7,21.3,D
23.367,-105.006,324,1,1,2017-06-01,2015,A,57,6.0NRT,308.6,10.9,D
23.339,-105.2,327.8,1,1,2017-06-01,2015,A,48,6.0NRT,313,10.5,D
23.312,-105.376,325.6,1,1,2017-06-01,2015,A,35,6.0NRT,310.4,9.3,D
23.374,-105.207,325.4,1,1,2017-06-01,2015,A,38,6.0NRT,311.9,7.1,D
23.42,-104.955,326,1,1,2017-06-01,2015,A,64,6.0NRT,308.1,12.8,D
23.456,-104.961,321.7,1,1,2017-06-01,2015,A,29,6.0NRT,304.2,8.9,D
23.387,-105.487,325,1,1,2017-06-01,2015,A,57,6.0NRT,309.4,10.5,D
23.543,-105.5,336.1,1,1,2017-06-01,2015,A,82,6.0NRT,307.7,25.5,D
23.541,-105.509,340.8,1,1,2017-06-01,2015,A,87,6.0NRT,308.7,33,D
23.568,-105.51,323.7,1,1,2017-06-01,2015,A,39,6.0NRT,308.2,10.4,D
23.567,-105.52,329.5,1,1,2017-06-01,2015,A,72,6.0NRT,309.8,17,D
23.854,-105.321,351.5,1,1,2017-06-01,2015,A,94,6.0NRT,317.9,46.4,D
23.853,-105.331,337.1,1,1,2017-06-01,2015,A,80,6.0NRT,316.4,19.5,D
23.751,-106.129,324.3,1.1,1,2017-06-01,2015,A,29,6.0NRT,308.1,10.6,D
24.063,-105.538,331,1,1,2017-06-01,2015,A,68,6.0NRT,309.9,18.4,D
24.216,-106.107,328,1,1,2017-06-01,2015,A,53,6.0NRT,306.3,17.2,D
24.225,-106.109,338.9,1,1,2017-06-01,2015,A,84,6.0NRT,306.9,34.2,D
24.245,-106.579,328,1.1,1,2017-06-01,2015,A,63,6.0NRT,312.5,8.2,D
24.429,-106.222,324.4,1,1,2017-06-01,2015,A,36,6.0NRT,304.9,13.9,D
24.433,-106.445,322.8,1.1,1,2017-06-01,2015,A,29,6.0NRT,308.6,7.4,D
24.431,-106.456,328,1.1,1,2017-06-01,2015,A,67,6.0NRT,310.8,12.9,D
24.635,-105.597,333.7,1,1,2017-06-01,2015,A,74,6.0NRT,312.9,17.4,D
24.505,-106.519,328.2,1.1,1,2017-06-01,2015,A,56,6.0NRT,310.3,13.2,D
24.535,-106.487,326.2,1.1,1,2017-06-01,2015,A,50,6.0NRT,309.7,11.1,D
24.566,-106.472,335.2,1.1,1,2017-06-01,2015,A,79,6.0NRT,311.3,23.2,D
24.62,-106.303,341.3,1.1,1,2017-06-01,2015,A,86,6.0NRT,317.1,28.5,D
24.694,-106.247,330.8,1,1,2017-06-01,2015,A,52,6.0NRT,304.7,16.7,D
24.691,-106.386,332.3,1.1,1,2017-06-01,2015,A,65,6.0NRT,312.2,14.4,D
24.716,-106.282,326.5,1,1,2017-06-01,2015,A,46,6.0NRT,309.1,12.9,D
24.767,-106.245,325.9,1,1,2017-06-01,2015,A,38,6.0NRT,306,12.6,D
24.749,-106.604,341.1,1.1,1,2017-06-01,2015,A,86,6.0NRT,309.4,33.4,D
24.705,-107.071,330.4,1.1,1.1,2017-06-01,2015,A,41,6.0NRT,315,10.7,D
24.703,-107.081,337,1.1,1.1,2017-06-01,2015,A,83,6.0NRT,316.7,21.4,D
24.816,-106.59,326.5,1.1,1,2017-06-01,2015,A,61,6.0NRT,309.2,13.6,D
24.814,-106.601,342.8,1.1,1,2017-06-01,2015,A,88,6.0NRT,310.2,40.5,D
24.868,-106.377,330.9,1.1,1,2017-06-01,2015,A,41,6.0NRT,312.2,13.6,D
24.93,-106.385,335.6,1.1,1,2017-06-01,2015,A,80,6.0NRT,316.1,21.1,D
24.988,-106.309,347.2,1,1,2017-06-01,2015,A,91,6.0NRT,304.6,50.8,D
24.982,-106.71,332.4,1.1,1,2017-06-01,2015,A,76,6.0NRT,310,20.5,D
25.273,-106.676,327.1,1.1,1,2017-06-01,2015,A,58,6.0NRT,309.4,14.4,D
25.278,-107.418,339.6,1.1,1.1,2017-06-01,2015,A,85,6.0NRT,321.6,21,D
25.5,-106.526,339.4,1.1,1,2017-06-01,2015,A,83,6.0NRT,307.4,33.1,D
25.51,-106.518,327.5,1.1,1,2017-06-01,2015,A,56,6.0NRT,305.6,15.7,D
25.354,-107.519,336.3,1.1,1.1,2017-06-01,2015,A,81,6.0NRT,318.6,15.7,D
25.352,-107.531,334,1.1,1.1,2017-06-01,2015,A,78,6.0NRT,318.8,12,D
25.395,-107.534,338.9,1.1,1.1,2017-06-01,2015,A,84,6.0NRT,321.4,21.9,D
25.687,-106.627,327.5,1.1,1,2017-06-01,2015,A,57,6.0NRT,307.2,13.8,D
25.581,-107.408,323.1,1.1,1.1,2017-06-01,2015,A,31,6.0NRT,309.8,9.5,D
25.69,-106.784,332.7,1.1,1,2017-06-01,2015,A,74,6.0NRT,309.3,20.1,D
25.908,-106.634,328.2,1.1,1,2017-06-01,2020,A,59,6.0NRT,307.6,15.2,D
25.869,-106.884,324.1,1.1,1,2017-06-01,2020,A,39,6.0NRT,307,10.2,D
25.747,-107.646,329.4,1.1,1.1,2017-06-01,2020,A,73,6.0NRT,304.1,21.1,D
25.88,-106.876,323.7,1.1,1,2017-06-01,2020,A,31,6.0NRT,307.3,8.8,D
25.94,-106.609,326.8,1,1,2017-06-01,2020,A,27,6.0NRT,308.1,12.1,D
25.949,-106.611,340.7,1,1,2017-06-01,2020,A,78,6.0NRT,307.3,31.6,D
25.947,-106.621,345,1.1,1,2017-06-01,2020,A,89,6.0NRT,308.9,38.6,D
25.946,-106.631,329.3,1.1,1,2017-06-01,2020,A,23,6.0NRT,308.2,12.4,D
25.907,-106.881,323.9,1.1,1,2017-06-01,2020,A,48,6.0NRT,309.7,8.2,D
25.967,-106.614,326.9,1,1,2017-06-01,2020,A,61,6.0NRT,310.3,14.2,D
25.714,-108.273,328.5,1.2,1.1,2017-06-01,2020,A,66,6.0NRT,314,10.9,D
25.983,-106.804,336.1,1.1,1,2017-06-01,2020,A,80,6.0NRT,307.8,28.9,D
25.824,-107.801,348,1.2,1.1,2017-06-01,2020,A,92,6.0NRT,320,43.8,D
25.822,-107.813,340.7,1.2,1.1,2017-06-01,2020,A,87,6.0NRT,318.5,25.8,D
26.043,-106.656,326.3,1.1,1,2017-06-01,2020,A,58,6.0NRT,306.6,14.5,D
25.696,-108.988,326.6,1.4,1.2,2017-06-01,2020,A,39,6.0NRT,311,13.4,D
26.09,-106.831,329.4,1.1,1,2017-06-01,2020,A,68,6.0NRT,306.8,18.2,D
26.088,-106.842,329,1.1,1,2017-06-01,2020,A,67,6.0NRT,309.1,17.3,D
26.098,-106.898,324.3,1.1,1,2017-06-01,2020,A,20,6.0NRT,309.3,10.7,D
26.108,-106.9,331.5,1.1,1,2017-06-01,2020,A,70,6.0NRT,310.4,19.6,D
26.117,-106.902,325.1,1.1,1,2017-06-01,2020,A,26,6.0NRT,309.1,10.8,D
26.01,-107.672,329.5,1.1,1.1,2017-06-01,2020,A,71,6.0NRT,310.9,19.4,D
26.064,-107.395,328.2,1.1,1.1,2017-06-01,2020,A,61,6.0NRT,310.3,13.5,D
26.063,-107.407,328.3,1.1,1.1,2017-06-01,2020,A,60,6.0NRT,312.6,13.2,D
26.176,-106.747,357.1,1.1,1,2017-06-01,2020,A,98,6.0NRT,308.7,71.8,D
26.174,-106.757,337.4,1.1,1,2017-06-01,2020,A,82,6.0NRT,308.3,29.4,D
26.074,-107.397,335.5,1.1,1.1,2017-06-01,2020,A,80,6.0NRT,307.9,25.3,D
26.072,-107.408,327.2,1.1,1.1,2017-06-01,2020,A,40,6.0NRT,309,12,D
26.174,-106.821,332.4,1.1,1,2017-06-01,2020,A,74,6.0NRT,307.4,22.4,D
26.163,-106.895,334.1,1.1,1,2017-06-01,2020,A,77,6.0NRT,307.7,22.4,D
26.159,-106.916,323.8,1.1,1,2017-06-01,2020,A,21,6.0NRT,308.1,10.3,D
26.077,-107.559,329.9,1.1,1.1,2017-06-01,2020,A,72,6.0NRT,316.4,11.9,D
26.075,-107.571,333,1.1,1.1,2017-06-01,2020,A,77,6.0NRT,317.6,16.9,D
26.138,-107.636,325.7,1.1,1.1,2017-06-01,2020,A,60,6.0NRT,311.7,8,D
26.14,-107.947,324.3,1.2,1.1,2017-06-01,2020,A,54,6.0NRT,311.6,9.2,D
25.958,-109.2,325.3,1.4,1.2,2017-06-01,2020,A,51,6.0NRT,309.1,11.5,D
26.379,-106.692,333.9,1,1,2017-06-01,2020,A,77,6.0NRT,308.9,23.7,D
26.383,-106.725,323.9,1,1,2017-06-01,2020,A,38,6.0NRT,308.5,9.4,D
26.277,-107.462,361.4,1.1,1.1,2017-06-01,2020,A,100,6.0NRT,315.6,90.3,D
26.275,-107.473,345.1,1.1,1.1,2017-06-01,2020,A,90,6.0NRT,313.9,45.4,D
26.42,-106.604,345.9,1,1,2017-06-01,2020,A,90,6.0NRT,308.2,45.5,D
26.286,-107.464,336.7,1.1,1.1,2017-06-01,2020,A,82,6.0NRT,312.8,28.2,D
26.285,-107.475,336,1.1,1.1,2017-06-01,2020,A,81,6.0NRT,314.4,26.3,D
26.218,-107.952,327,1.2,1.1,2017-06-01,2020,A,59,6.0NRT,315.6,9.8,D
26.394,-106.898,324.9,1.1,1,2017-06-01,2020,A,54,6.0NRT,306,12,D
26.394,-106.947,328.1,1.1,1,2017-06-01,2020,A,66,6.0NRT,304.7,17.4,D
26.515,-106.222,334.8,1,1,2017-06-01,2020,A,76,6.0NRT,315.7,16.9,D
26.48,-107.046,326.5,1.1,1,2017-06-01,2020,A,59,6.0NRT,308.6,12.9,D
26.494,-107.016,329.2,1.1,1,2017-06-01,2020,A,68,6.0NRT,306.4,17.2,D
26.492,-107.027,325.7,1.1,1,2017-06-01,2020,A,30,6.0NRT,308.2,11.4,D
26.402,-108.103,326.8,1.2,1.1,2017-06-01,2020,A,45,6.0NRT,314.9,9.6,D
26.478,-107.703,337.4,1.1,1.1,2017-06-01,2020,A,82,6.0NRT,309.1,31.3,D
26.558,-107.656,332.9,1.1,1.1,2017-06-01,2020,A,57,6.0NRT,312.9,21.7,D
26.512,-108.48,340.1,1.2,1.1,2017-06-01,2020,A,80,6.0NRT,321.8,22.9,D
26.51,-108.492,353.1,1.2,1.1,2017-06-01,2020,A,95,6.0NRT,324.3,59.5,D
26.513,-108.486,349.1,1.2,1.1,2017-06-01,2020,A,92,6.0NRT,322.8,47.3,D
26.558,-108.458,336,1.2,1.1,2017-06-01,2020,A,45,6.0NRT,322.2,14.7,D
26.556,-108.47,340.7,1.2,1.1,2017-06-01,2020,A,85,6.0NRT,321.5,26.2,D
26.566,-108.472,338.1,1.2,1.1,2017-06-01,2020,A,69,6.0NRT,320.9,19.9,D
26.672,-108.264,330.1,1.2,1.1,2017-06-01,2020,A,47,6.0NRT,315.6,12,D
26.67,-108.276,337,1.2,1.1,2017-06-01,2020,A,76,6.0NRT,318.7,22.5,D
26.713,-108.078,330.1,1.2,1.1,2017-06-01,2020,A,66,6.0NRT,314.2,14.6,D
26.76,-107.907,330.7,1.1,1.1,2017-06-01,2020,A,52,6.0NRT,313.2,17.5,D
26.899,-107.893,340.3,1.1,1.1,2017-06-01,2020,A,83,6.0NRT,321.2,25.8,D
27.696,-107.775,327.7,1.1,1,2017-06-01,2020,A,61,6.0NRT,308.2,17,D
27.694,-107.786,325.6,1.1,1,2017-06-01,2020,A,49,6.0NRT,306.8,14.3,D
27.846,-107.354,344.8,1.1,1,2017-06-01,2020,A,89,6.0NRT,311.6,40.6,D
27.845,-107.365,338.9,1.1,1,2017-06-01,2020,A,83,6.0NRT,313.2,28.7,D
27.865,-107.358,329.3,1.1,1,2017-06-01,2020,A,67,6.0NRT,310.7,15.1,D
27.831,-107.907,327.9,1.1,1.1,2017-06-01,2020,A,52,6.0NRT,307.8,15.9,D
27.848,-107.922,343.3,1.1,1.1,2017-06-01,2020,A,88,6.0NRT,308.7,42.3,D
27.851,-108.475,325.5,1.2,1.1,2017-06-01,2020,A,23,6.0NRT,309.7,11.1,D
27.849,-108.487,329.2,1.2,1.1,2017-06-01,2020,A,52,6.0NRT,313.2,17.5,D
27.858,-108.49,333.4,1.2,1.1,2017-06-01,2020,A,63,6.0NRT,311.6,22.9,D
28.048,-107.826,324.5,1.1,1,2017-06-01,2020,A,45,6.0NRT,305.1,12.2,D
28.058,-107.828,328.4,1.1,1,2017-06-01,2020,A,58,6.0NRT,307.7,17.1,D
27.925,-108.646,326.2,1.2,1.1,2017-06-01,2020,A,63,6.0NRT,312.8,10.4,D
28.069,-107.819,370.7,1.1,1,2017-06-01,2020,A,100,6.0NRT,311.8,121.9,D
28.067,-107.829,356.1,1.1,1,2017-06-01,2020,A,97,6.0NRT,309.9,73.9,D
28.16,-108.584,327.8,1.2,1.1,2017-06-01,2020,A,33,6.0NRT,308,12.7,D
28.164,-108.58,324.8,1.2,1.1,2017-06-01,2020,A,39,6.0NRT,307.7,9.3,D
29.558,-108.04,317.2,1.1,1,2017-06-01,2020,A,51,6.0NRT,292.3,13.2,D
29.567,-108.042,317.8,1.1,1,2017-06-01,2020,A,59,6.0NRT,293,14.1,D
30.732,-100.314,319.8,1.8,1.3,2017-06-01,2020,A,62,6.0NRT,297.5,22.9,D
31.688,-110.666,366.5,1.3,1.1,2017-06-01,2020,A,100,6.0NRT,310.9,135.1,D
31.699,-110.668,341.3,1.3,1.1,2017-06-01,2020,A,80,6.0NRT,307.2,45.1,D
31.696,-110.674,341,1.3,1.1,2017-06-01,2020,A,85,6.0NRT,308.4,46.8,D
34.638,-111.49,331.1,1.3,1.1,2017-06-01,2020,A,58,6.0NRT,308.7,25.1,D
37.546,-103.161,350.4,1.5,1.2,2017-06-01,2020,A,95,6.0NRT,311,84.9,D
37.544,-103.177,343.6,1.5,1.2,2017-06-01,2020,A,91,6.0NRT,311.7,60.9,D
37.556,-103.162,333,1.5,1.2,2017-06-01,2020,A,82,6.0NRT,309.8,31.5,D
41.717,-113.809,316.8,1.3,1.1,2017-06-01,2020,A,70,6.0NRT,288.4,17.1,D
47.363,-97.442,323.7,4,1.9,2017-06-01,2025,A,73,6.0NRT,307.1,60.4,D
47.369,-97.451,325,4,1.9,2017-06-01,2025,A,74,6.0NRT,306.7,66.5,D
19.401,-155.281,436.8,1.1,1.1,2017-06-01,2335,A,100,6.0NRT,326.3,645.3,D
19.4,-155.291,365.7,1.1,1.1,2017-06-01,2335,A,100,6.0NRT,317.1,103.2,D
22.283,-78.806,305.8,2.8,1.6,2017-06-02,0405,T,66,6.0NRT,292.8,25.5,N
29.486,-99.047,304.7,3.4,1.7,2017-06-02,0405,T,61,6.0NRT,290.6,31.4,N
41.633,-87.147,300.1,1.4,1.2,2017-06-02,0410,T,18,6.0NRT,287.4,9.9,N
41.731,-98.726,302.2,1.6,1.2,2017-06-02,0410,T,47,6.0NRT,289.2,11.6,N
49.6,-98.728,303.6,1.1,1.1,2017-06-02,0410,T,56,6.0NRT,289,7.6,N
19.997,-104.723,306.3,2.2,1.4,2017-06-02,0540,T,67,6.0NRT,292.3,21.1,N
19.997,-104.729,304.8,2.2,1.4,2017-06-02,0540,T,62,6.0NRT,292.4,18.7,N
21.191,-103.939,300.3,2.6,1.5,2017-06-02,0540,T,20,6.0NRT,289.3,16.1,N
21.265,-103.9,303.3,2.6,1.5,2017-06-02,0540,T,53,6.0NRT,288.2,24.1,N
21.263,-103.918,302.3,2.6,1.5,2017-06-02,0540,T,31,6.0NRT,290.7,19.5,N
21.271,-103.904,307.6,2.6,1.5,2017-06-02,0540,T,72,6.0NRT,288.8,34,N
21.31,-104.833,306.1,2.2,1.4,2017-06-02,0540,T,67,6.0NRT,290.6,24.7,N
21.745,-104.261,305.2,2.5,1.5,2017-06-02,0540,T,38,6.0NRT,287.8,24.5,N
21.743,-104.278,307.5,2.5,1.5,2017-06-02,0540,T,66,6.0NRT,289.9,30.5,N
21.766,-104.187,301.1,2.5,1.5,2017-06-02,0540,T,32,6.0NRT,287.6,18.4,N
21.763,-104.215,304.9,2.5,1.5,2017-06-02,0540,T,23,6.0NRT,287.2,24.5,N
21.891,-104.474,300.9,2.4,1.5,2017-06-02,0540,T,26,6.0NRT,290.1,13,N
22.361,-104.3,301.9,2.5,1.5,2017-06-02,0540,T,45,6.0NRT,288.4,21.3,N
22.359,-104.321,303.8,2.5,1.5,2017-06-02,0540,T,57,6.0NRT,288.9,24.6,N
24.227,-106.093,305.8,2,1.4,2017-06-02,0540,T,41,6.0NRT,287.6,19.2,N
24.225,-106.107,312.1,2,1.4,2017-06-02,0540,T,82,6.0NRT,290.8,30.3,N
24.23,-106.099,309.5,2,1.4,2017-06-02,0540,T,78,6.0NRT,288.7,27.1,N
24.229,-106.112,303.5,2,1.4,2017-06-02,0540,T,52,6.0NRT,290.7,15.9,N
24.419,-106.394,301.1,1.9,1.3,2017-06-02,0540,T,36,6.0NRT,291,10.6,N
24.476,-106.2,302,1.9,1.4,2017-06-02,0540,T,46,6.0NRT,286.7,15.3,N
24.974,-106.706,301.2,1.8,1.3,2017-06-02,0540,T,39,6.0NRT,291.1,10.1,N
25.324,-104.857,302.2,2.5,1.5,2017-06-02,0545,T,47,6.0NRT,291,18.3,N
25.317,-104.863,303.3,2.5,1.5,2017-06-02,0545,T,54,6.0NRT,290.7,19.6,N
25.405,-106.758,318.4,1.8,1.3,2017-06-02,0545,T,97,6.0NRT,287.3,41.2,N
25.52,-106.53,302.8,1.9,1.3,2017-06-02,0545,T,42,6.0NRT,290.8,16.3,N
25.812,-107.105,300.1,1.8,1.3,2017-06-02,0545,T,16,6.0NRT,289.6,8.1,N
25.899,-107.022,301.1,1.8,1.3,2017-06-02,0545,T,30,6.0NRT,287,13.7,N
25.898,-107.037,304.4,1.8,1.3,2017-06-02,0545,T,60,6.0NRT,288.5,16.6,N
26.013,-107.668,305.1,1.6,1.2,2017-06-02,0545,T,63,6.0NRT,291.2,12.3,N
26.132,-107.622,308.1,1.6,1.3,2017-06-02,0545,T,73,6.0NRT,294.1,13.8,N
26.13,-107.637,311.5,1.6,1.3,2017-06-02,0545,T,83,6.0NRT,294.9,18.4,N
26.142,-107.629,306.8,1.6,1.3,2017-06-02,0545,T,47,6.0NRT,293.7,11.5,N
26.493,-107.652,303.1,1.6,1.3,2017-06-02,0545,T,53,6.0NRT,288.7,13,N
26.735,-107.934,307.4,1.6,1.2,2017-06-02,0545,T,64,6.0NRT,287.8,16.8,N
27.625,-107.597,301.3,1.7,1.3,2017-06-02,0545,T,39,6.0NRT,284.5,15.8,N
27.861,-108.479,302.6,1.5,1.2,2017-06-02,0545,T,50,6.0NRT,290.1,9.9,N
28.068,-107.827,300.5,1.7,1.3,2017-06-02,0545,T,28,6.0NRT,282.6,14.9,N
29.358,-108.442,307.1,1.6,1.2,2017-06-02,0545,T,70,6.0NRT,288.1,16.7,N
33.417,-110.858,324.8,1.3,1.1,2017-06-02,0545,T,100,6.0NRT,292,33.4,N
33.415,-110.872,319.7,1.3,1.1,2017-06-02,0545,T,99,6.0NRT,291.9,25.7,N
35.429,-111.827,321.3,1.2,1.1,2017-06-02,0545,T,100,6.0NRT,282.6,29.9,N
35.427,-111.841,317.3,1.2,1.1,2017-06-02,0545,T,95,6.0NRT,280.8,25,N
22.293,-78.801,310.5,1.3,1.1,2017-06-02,0645,A,80,6.0NRT,293.5,14,N
22.291,-78.789,305,1.3,1.1,2017-06-02,0645,A,63,6.0NRT,293.2,8.5,N
30.506,-109.613,303.8,4.5,2,2017-06-02,0825,A,57,6.0NRT,282.7,72.5,N
24.224,-106.087,300.3,2.1,1.4,2017-06-02,0825,A,22,6.0NRT,287.8,14.9,N
21.606,-98.62,306.2,1,1,2017-06-02,0825,A,67,6.0NRT,291.3,6.7,N
21.604,-98.61,314.8,1,1,2017-06-02,0825,A,90,6.0NRT,291.3,13.2,N
22.369,-104.309,302.4,1.5,1.2,2017-06-02,0825,A,48,6.0NRT,287,11.3,N
21.913,-103.95,304.7,1.4,1.2,2017-06-02,0825,A,60,6.0NRT,287.1,12.2,N
21.895,-104.472,302,1.5,1.2,2017-06-02,0825,A,26,6.0NRT,289.2,8.1,N
21.893,-104.458,309.4,1.5,1.2,2017-06-02,0825,A,77,6.0NRT,290.2,17,N
21.824,-103.886,300.1,1.4,1.2,2017-06-02,0825,A,14,6.0NRT,285.6,8.1,N
21.822,-103.873,301.2,1.4,1.2,2017-06-02,0825,A,28,6.0NRT,286.4,8.4,N
21.772,-104.205,301.1,1.5,1.2,2017-06-02,0825,A,6,6.0NRT,285.8,9,N
21.76,-104.193,312.5,1.4,1.2,2017-06-02,0825,A,85,6.0NRT,286.9,21.6,N
21.747,-104.265,300.3,1.5,1.2,2017-06-02,0825,A,20,6.0NRT,288.9,8.3,N
21.745,-104.25,313.9,1.5,1.2,2017-06-02,0825,A,88,6.0NRT,288.1,23,N
21.744,-104.236,312.4,1.5,1.2,2017-06-02,0825,A,59,6.0NRT,287.2,20.7,N
21.736,-104.266,317.2,1.5,1.2,2017-06-02,0825,A,95,6.0NRT,289.6,28.1,N
21.734,-104.251,322.5,1.5,1.2,2017-06-02,0825,A,100,6.0NRT,288.6,36.8,N
21.221,-103.382,312.6,1.3,1.1,2017-06-02,0825,A,85,6.0NRT,290.6,16.9,N
21.277,-103.908,303.2,1.4,1.2,2017-06-02,0825,A,34,6.0NRT,289.1,8.8,N
21.303,-104.202,303.5,1.4,1.2,2017-06-02,0825,A,56,6.0NRT,289.1,10.8,N
21.301,-104.191,304.6,1.4,1.2,2017-06-02,0825,A,61,6.0NRT,290.5,11.5,N
21.267,-103.909,306.9,1.4,1.2,2017-06-02,0825,A,60,6.0NRT,289.6,12.6,N
21.309,-104.821,313.7,1.6,1.2,2017-06-02,0825,A,88,6.0NRT,291.1,25.7,N
21.201,-103.941,308.2,1.4,1.2,2017-06-02,0825,A,67,6.0NRT,289.8,14,N
21.192,-103.953,312.4,1.4,1.2,2017-06-02,0825,A,83,6.0NRT,288.3,17.9,N
21.19,-103.94,317.8,1.4,1.2,2017-06-02,0825,A,96,6.0NRT,289.6,25.1,N
21.18,-103.941,300.5,1.4,1.2,2017-06-02,0825,A,11,6.0NRT,288,6.5,N
20.528,-100.922,303.2,1,1,2017-06-02,0825,A,54,6.0NRT,289.3,6.3,N
20.005,-104.719,303.5,1.5,1.2,2017-06-02,0825,A,56,6.0NRT,291.5,10.3,N
19.896,-104.668,306.7,1.5,1.2,2017-06-02,0825,A,69,6.0NRT,292,13.7,N
41.64,-87.121,305,1.9,1.3,2017-06-02,0820,A,62,6.0NRT,286.3,22.9,N
19.346,-155.048,313.3,1.8,1.3,2017-06-02,0900,T,82,6.0NRT,277.4,32.4,N
19.352,-155.057,321,1.8,1.3,2017-06-02,0900,T,100,6.0NRT,277.3,48.5,N
19.375,-155.062,326.3,1.8,1.3,2017-06-02,0900,T,100,6.0NRT,277.6,64.6,N
19.398,-155.275,311.6,1.8,1.3,2017-06-02,0900,T,75,6.0NRT,274.9,30.1,N
19.397,-155.291,306.9,1.7,1.3,2017-06-02,0900,T,50,6.0NRT,274.9,22.3,N
19.41,-155.276,370.1,1.8,1.3,2017-06-02,0900,T,100,6.0NRT,276.9,269.4,N
19.408,-155.293,360.8,1.7,1.3,2017-06-02,0900,T,100,6.0NRT,276.6,204,N
19.406,-155.282,387.1,1.8,1.3,2017-06-02,0900,T,100,6.0NRT,280.9,424.3,N
19.405,-155.299,320.8,1.7,1.3,2017-06-02,0900,T,100,6.0NRT,275,46,N
